600,6,five,ok,two,good,middle_finger,six
0.20481839,0.00201473,0.000123963,0.000160863,-9.21E-09,4.90E-06,2.08E-08,0
0.204072013,0.001998544,0.000105922,0.000156096,-6.96E-09,5.10E-06,1.88E-08,0
0.202988603,0.002097347,9.07E-05,0.000146869,-4.68E-09,5.49E-06,1.63E-08,0
0.201973258,0.002465654,0.000105147,0.000136448,-5.08E-09,6.32E-06,1.55E-08,0
0.200742323,0.003023695,0.000115231,0.000115705,-4.89E-09,6.30E-06,1.24E-08,0
0.214718038,0.008780693,0.000622364,3.68E-05,2.88E-09,2.46E-06,4.77E-09,0
0.208455404,0.008041032,0.000367213,4.20E-05,1.56E-09,3.02E-06,4.97E-09,0
0.204927798,0.007126544,0.000156898,6.79E-05,4.35E-10,5.25E-06,7.00E-09,0
0.203888281,0.00428589,8.89E-05,0.000115035,-3.90E-09,7.33E-06,1.10E-08,0
0.208354264,0.00414164,0.000146337,0.000137952,-1.00E-08,8.81E-06,1.68E-08,0
0.208631191,0.004919474,0.000239577,0.000115263,-7.64E-09,8.03E-06,1.76E-08,0
0.216906537,0.008324109,0.000608989,5.29E-05,1.42E-09,4.13E-06,9.38E-09,0
0.208545623,0.006324837,0.000246044,8.84E-05,-2.58E-09,6.86E-06,1.28E-08,0
0.208316234,0.00684142,0.000247166,7.65E-05,-9.35E-10,5.95E-06,1.05E-08,0
0.206361057,0.007030178,0.000197356,7.13E-05,-3.90E-10,5.44E-06,8.45E-09,0
0.205607205,0.005441187,0.000181699,9.81E-05,-2.62E-09,7.16E-06,1.28E-08,0
0.208745491,0.005985251,0.000322386,8.70E-05,-1.98E-09,6.55E-06,1.44E-08,0
0.209361675,0.006053041,0.00035036,8.68E-05,-1.79E-09,6.55E-06,1.50E-08,0
0.209535327,0.005825861,0.000375402,8.91E-05,-3.27E-09,6.73E-06,1.60E-08,0
0.203874041,0.004826392,0.001519524,0.000118432,4.72E-08,3.15E-06,-1.73E-08,1
0.20333461,0.004755248,0.001447425,0.000114412,4.39E-08,2.94E-06,-1.55E-08,1
0.202183952,0.004541192,0.001294974,0.000114164,4.28E-08,3.43E-06,-9.90E-09,1
0.201580651,0.004538722,0.001222067,0.000111647,4.05E-08,3.48E-06,-7.63E-09,1
0.200741455,0.0043742,0.001109457,0.000114501,4.07E-08,4.07E-06,-3.20E-09,1
0.199623713,0.004203143,0.000980006,0.000118168,4.02E-08,4.84E-06,2.21E-09,1
0.200466435,0.004706314,0.000996796,0.000106987,3.49E-08,3.78E-06,-2.08E-09,1
0.200503904,0.004945201,0.00089155,0.000106063,3.26E-08,3.98E-06,-2.00E-11,1
0.199223049,0.004888411,0.00075715,0.000107085,3.03E-08,4.69E-06,3.64E-09,1
0.199366986,0.005127002,0.000710053,0.000106007,2.88E-08,4.81E-06,4.07E-09,1
0.214828083,0.010538828,0.001408806,5.53E-05,-3.76E-09,-4.77E-06,-1.50E-08,1
0.224493956,0.013835154,0.002052168,7.45E-05,-2.76E-08,-7.05E-06,9.24E-09,1
0.230850116,0.016084805,0.002419731,0.00010362,-2.99E-08,-5.85E-06,4.24E-08,1
0.234819273,0.017454072,0.002725802,0.00013399,-2.24E-08,-3.85E-06,7.78E-08,1
0.240984264,0.019573879,0.003133404,0.000175681,-2.78E-09,-5.07E-07,1.30E-07,1
0.245709975,0.021276494,0.003467893,0.000215439,2.23E-08,2.90E-06,1.85E-07,1
0.237629695,0.017944268,0.00278101,0.00013178,-2.13E-08,-3.72E-06,7.69E-08,1
0.218670321,0.010525438,0.002267219,8.35E-05,-3.12E-08,-8.57E-06,-1.86E-08,1
0.216456762,0.009924901,0.002114565,7.79E-05,-2.52E-08,-7.73E-06,-1.90E-08,1
0.213510488,0.009319942,0.001770417,6.81E-05,-1.24E-08,-6.20E-06,-2.01E-08,1
0.216493348,0.012875593,0.000938345,0.000608163,4.56E-07,6.81E-05,5.24E-08,2
0.216637787,0.012904231,0.000859747,0.000613483,4.43E-07,6.92E-05,4.74E-08,2
0.216742785,0.012628771,0.000864735,0.000636843,4.71E-07,7.13E-05,4.19E-08,2
0.216897219,0.012909423,0.00078217,0.000611109,4.21E-07,6.93E-05,3.45E-08,2
0.216206405,0.012481913,0.000779708,0.000601766,4.11E-07,6.72E-05,2.88E-08,2
0.216835709,0.012997331,0.000701002,0.000579302,3.68E-07,6.60E-05,2.32E-08,2
0.222560788,0.015088911,0.000670351,0.000637961,4.16E-07,7.83E-05,2.72E-08,2
0.222258981,0.015059035,0.000663658,0.000611472,3.89E-07,7.49E-05,1.98E-08,2
0.223400068,0.016090143,0.000536886,0.000549404,2.98E-07,6.92E-05,1.68E-09,2
0.233763542,0.022371203,0.000310693,0.000386053,1.32E-07,5.47E-05,-2.11E-08,2
0.236698835,0.024140272,0.000210443,0.000356556,9.66E-08,5.38E-05,-1.47E-08,2
0.23080378,0.021728504,0.00025078,0.000385478,1.20E-07,5.65E-05,-1.53E-09,2
0.216287154,0.014691346,0.000332996,0.000381365,1.36E-07,4.56E-05,-3.46E-09,2
0.21422247,0.01240348,0.000687289,0.000538719,3.27E-07,6.00E-05,1.93E-08,2
0.216090607,0.013500324,0.000739651,0.000571409,3.70E-07,6.63E-05,2.97E-08,2
0.227405858,0.021571967,0.000209991,0.00025187,5.79E-08,3.69E-05,4.37E-10,2
0.217475648,0.017010348,0.000664452,0.000390972,1.99E-07,5.10E-05,1.12E-08,2
0.215322991,0.014187471,0.001228298,0.000528068,4.25E-07,6.29E-05,2.42E-08,2
0.215631799,0.014583164,0.001111486,0.000485659,3.56E-07,5.85E-05,1.94E-08,2
0.213877274,0.013925498,0.001075809,0.00044002,3.02E-07,5.16E-05,1.40E-08,2
0.208443047,0.010931716,0.001361591,0.000497984,4.10E-07,5.19E-05,1.49E-08,2
0.196310242,0.004394749,0.00258174,0.000128285,-4.80E-08,-8.21E-06,-5.61E-08,3
0.196650853,0.004560373,0.002597513,0.000129457,-4.62E-08,-8.33E-06,-5.92E-08,3
0.197933898,0.005107846,0.00266687,0.000134047,-4.23E-08,-8.78E-06,-6.81E-08,3
0.205002119,0.008030661,0.002841889,0.000148772,-2.87E-08,-1.06E-05,-9.24E-08,3
0.200226766,0.006449084,0.00263711,0.000136258,-4.95E-08,-1.01E-05,-6.50E-08,3
0.185637864,0.001593342,0.001807876,0.000135403,4.07E-08,6.44E-08,-5.32E-08,3
0.183814583,0.001200228,0.0016608,0.000128158,4.07E-08,6.48E-07,-4.29E-08,3
0.196237587,0.005271812,0.002514507,0.00018112,4.96E-08,-2.63E-06,-1.12E-07,3
0.228663035,0.019879571,0.001979236,0.000116493,1.84E-09,6.63E-07,5.59E-08,3
0.237956143,0.024890223,0.001568023,0.000132878,4.05E-08,1.15E-05,4.52E-08,3
0.242396839,0.027821509,0.000861948,6.66E-05,9.92E-09,4.55E-06,1.25E-08,3
0.194791491,0.004428014,0.002321946,0.000113094,-2.89E-08,-6.99E-06,-5.03E-08,3
0.193969886,0.004583904,0.002185301,9.63E-05,-3.20E-08,-6.47E-06,-3.04E-08,3
0.191024448,0.00368197,0.002020838,8.81E-05,-2.63E-08,-5.32E-06,-2.62E-08,3
0.191972181,0.004121493,0.002036006,8.27E-05,-2.83E-08,-5.30E-06,-1.88E-08,3
0.194352162,0.005077974,0.0020863,8.43E-05,-3.04E-08,-6.00E-06,-1.81E-08,3
0.201082394,0.007245985,0.00241152,0.000114731,-2.76E-08,-8.71E-06,-5.36E-08,3
0.202779281,0.008368816,0.002261884,0.000109139,-2.30E-08,-8.70E-06,-4.91E-08,3
0.191738804,0.00170574,0.002494213,0.000188552,7.90E-08,5.05E-07,-1.02E-07,3
0.193128034,0.003478043,0.002337422,0.000131265,7.19E-10,-5.10E-06,-7.27E-08,3
0.211108809,0.010135671,0.004116678,0.000906712,1.72E-06,8.94E-05,3.06E-07,4
0.210483154,0.011201906,0.003455279,0.000818367,1.36E-06,8.49E-05,2.27E-07,4
0.211160342,0.011614692,0.003397196,0.000836043,1.39E-06,8.79E-05,2.47E-07,4
0.212513236,0.012097817,0.003429223,0.00086648,0.000001464,9.20E-05,2.96E-07,4
0.215460398,0.014549347,0.002797896,0.000863287,1.32E-06,0.000100554,2.22E-07,4
0.219064239,0.016095942,0.002858418,0.000961148,1.57E-06,0.000117618,2.42E-07,4
0.223140154,0.017535204,0.003351596,0.001147428,2.24E-06,0.000147044,2.57E-07,4
0.217496613,0.014971547,0.003125725,0.000986303,1.71E-06,0.000114505,2.54E-07,4
0.207928808,0.009979209,0.002802504,0.000731426,1.01E-06,6.19E-05,2.85E-07,4
0.208788895,0.010184887,0.003156892,0.000769306,1.17E-06,6.78E-05,2.79E-07,4
0.204005743,0.007534856,0.003116069,0.000621903,8.06E-07,4.06E-05,3.15E-07,4
0.234742238,0.024502227,0.000700854,0.000295117,1.34E-07,3.68E-05,3.09E-09,4
0.228657295,0.022962484,0.000800231,0.000369924,2.01E-07,5.60E-05,7.15E-09,4
0.226408211,0.022116291,0.000756377,0.000348698,1.79E-07,5.18E-05,4.56E-09,4
0.222655843,0.020403075,0.00064076,0.00030945,1.38E-07,4.42E-05,2.07E-09,4
0.227934442,0.022106293,0.000978807,0.000494098,3.43E-07,7.28E-05,1.81E-08,4
0.224676488,0.020581692,0.00079626,0.000402285,2.28E-07,5.59E-05,8.24E-09,4
0.223839592,0.018658895,0.001688026,0.000661422,6.95E-07,7.70E-05,7.42E-08,4
0.216869933,0.014344743,0.003089285,0.000991285,1.70E-06,0.000107308,3.67E-07,4
0.220670907,0.018125115,0.001770495,0.000756471,8.72E-07,9.88E-05,8.26E-08,4
0.203767071,0.001150255,0.004324699,0.000239576,-1.01E-07,-1.72E-06,2.22E-07,5
0.203112478,0.000933454,0.004374284,0.000223426,-7.59E-08,-3.40E-07,2.07E-07,5
0.203995218,0.00105231,0.004500593,0.00023097,-5.00E-08,4.31E-07,2.30E-07,5
0.203600305,0.001225043,0.00434178,0.000235274,-5.45E-08,-1.26E-07,2.31E-07,5
0.202286608,0.001243365,0.004066455,0.000224558,-6.29E-08,-5.79E-07,2.05E-07,5
0.20313012,0.001561651,0.00407823,0.000239305,-6.60E-08,-7.18E-07,2.27E-07,5
0.202463732,0.001588996,0.003981222,0.000231129,-5.62E-08,-3.03E-07,2.14E-07,5
0.202489163,0.001725295,0.00391664,0.000233409,-5.43E-08,-1.70E-07,2.16E-07,5
0.201786424,0.000660358,0.004447759,0.000117483,3.13E-08,3.01E-06,7.89E-08,5
0.202608213,0.000932818,0.004525317,9.82E-05,2.93E-08,2.90E-06,5.85E-08,5
0.206971433,0.001841329,0.004876226,4.91E-05,2.10E-08,9.85E-07,1.16E-08,5
0.219710448,0.004597269,0.00587206,3.42E-05,-1.30E-08,-2.16E-06,-8.01E-09,5
0.231413962,0.007406659,0.006658126,9.09E-05,-5.48E-08,-2.24E-06,4.48E-08,5
0.207037234,0.000736629,0.005047925,0.000119208,3.24E-08,3.19E-06,8.66E-08,5
0.204028949,0.001502223,0.004329159,0.000240176,-2.61E-08,2.65E-06,2.44E-07,5
0.203768119,0.002497983,0.00394074,0.00029845,-4.74E-08,-7.82E-07,3.20E-07,5
0.203809849,0.001804387,0.004181106,0.000282756,-7.54E-08,-1.26E-06,2.98E-07,5
0.202665235,0.000739721,0.004481715,0.000155285,3.17E-09,3.69E-06,1.30E-07,5
0.205746356,0.000733042,0.004864809,0.000176757,-2.15E-09,3.80E-06,1.64E-07,5
0.20363229,0.001383027,0.004270813,0.000243504,-4.49E-08,2.03E-06,2.44E-07,5
0.208929494,0.007075519,0.000449765,1.31E-05,8.38E-10,6.15E-07,5.56E-10,0
0.209318661,0.006787888,0.000500921,1.66E-05,1.29E-09,7.95E-07,8.08E-10,0
0.209807194,0.009720986,0.000326129,5.89E-06,2.58E-10,6.01E-08,-1.50E-11,0
0.219219869,0.008098688,0.001269347,4.11E-05,-6.17E-09,-2.33E-06,7.08E-09,0
0.211401419,0.00923596,0.000442277,8.11E-06,4.54E-10,-2.73E-08,-1.71E-10,0
0.226259153,0.009422478,0.001722514,5.87E-05,-1.48E-08,-3.78E-06,1.14E-08,0
0.21010845,0.007209279,0.000563038,1.30E-05,1.01E-09,-2.20E-08,-4.79E-10,0
0.224447428,0.011100669,0.001289129,1.97E-05,-3.48E-10,-9.55E-08,3.11E-09,0
0.214304143,0.008263595,0.000621673,2.29E-05,2.71E-09,5.45E-07,-3.49E-10,0
0.220224491,0.009680507,0.001306447,3.55E-05,-5.19E-09,-2.13E-06,5.60E-09,0
0.224235987,0.00975088,0.001411266,3.55E-05,-7.68E-09,-3.00E-06,1.98E-09,0
0.219449024,0.009865774,0.000988637,1.88E-05,-2.06E-09,-1.85E-06,-1.52E-09,0
0.208480444,0.004231907,0.000467517,2.71E-05,1.33E-09,1.64E-06,2.75E-09,0
0.221016039,0.011026431,0.001029652,2.18E-05,-3.26E-09,-2.10E-06,2.50E-10,0
0.219290838,0.010397994,0.00094754,1.83E-05,-2.13E-09,-1.86E-06,-1.12E-09,0
0.215906311,0.00739281,0.00082099,1.66E-05,1.13E-09,-5.13E-07,-1.58E-09,0
0.217618543,0.011003244,0.000701381,1.23E-05,-2.86E-10,-1.09E-06,-1.11E-09,0
0.220668851,0.010312517,0.00096347,1.82E-05,-1.88E-09,-1.83E-06,-1.50E-09,0
0.214092282,0.007841261,0.000650271,1.49E-05,1.42E-09,1.23E-07,-3.67E-10,0
0.218996905,0.007963554,0.001008214,2.10E-05,-7.31E-10,-1.57E-06,-2.97E-09,0
0.246488729,0.025377925,1.91E-05,0.000365303,8.84E-09,5.78E-05,2.92E-08,2
0.269315377,0.042745098,3.60E-05,7.93E-05,3.82E-09,1.60E-05,1.83E-09,2
0.260070018,0.036007941,0.000224851,0.000198052,4.08E-08,3.19E-05,9.09E-09,2
0.250885756,0.030247138,2.62E-05,0.000208407,1.35E-08,3.58E-05,-7.47E-09,2
0.255304809,0.031218486,1.98E-05,0.000307167,1.90E-08,5.40E-05,1.46E-08,2
0.257790508,0.034471179,2.74E-05,0.000102993,1.47E-10,1.84E-05,-5.47E-09,2
0.261381512,0.036743895,4.25E-05,6.63E-05,-4.78E-10,1.20E-05,-3.49E-09,2
0.262628219,0.0349472,5.93E-06,0.000222796,-4.83E-09,4.16E-05,6.50E-09,2
0.24169743,0.024149629,3.69E-06,0.000258388,7.56E-09,4.02E-05,2.55E-09,2
0.259978282,0.034119844,9.43E-06,0.000166775,-6.22E-09,3.07E-05,-2.25E-09,2
0.230231216,0.018197577,2.28E-05,0.000318765,2.70E-08,4.29E-05,-3.25E-09,2
0.237190521,0.020016407,6.96E-05,0.000469272,5.17E-08,6.48E-05,6.72E-08,2
0.241462527,0.023752782,3.24E-06,0.000272429,5.53E-09,4.20E-05,5.92E-09,2
0.25484132,0.031400235,8.38E-06,0.000163582,-6.03E-09,2.90E-05,-5.40E-10,2
0.234390859,0.018502576,0.000070366,0.00045283,4.15E-08,6.01E-05,6.94E-08,2
0.220364676,0.01211262,0.000113368,0.000448606,8.55E-08,4.84E-05,5.40E-08,2
0.255588686,0.030386054,3.77E-05,0.000277762,-3.49E-09,4.76E-05,2.82E-08,2
0.256639047,0.029558549,0.000232777,0.000553964,1.72E-07,8.74E-05,9.92E-08,2
0.233104439,0.013285186,0.000115634,0.000649155,1.70E-07,7.26E-05,5.32E-08,2
0.23389487,0.016904937,3.59E-05,0.000512244,1.86E-08,6.59E-05,6.69E-08,2
0.248368854,0.025434016,0.004830465,0.000771159,1.39E-06,0.000114953,5.40E-07,3
0.206997909,0.010389656,0.002211262,8.99E-05,-2.35E-08,-3.33E-06,3.25E-08,3
0.272297233,0.039266705,0.004263925,0.000958941,1.93E-06,0.000187867,2.17E-07,3
0.244603355,0.026355,0.00315701,0.000676362,9.74E-07,0.000102873,1.68E-07,3
0.207847181,0.011526919,0.001827276,8.96E-05,-1.50E-08,-8.02E-06,-3.30E-08,3
0.219000239,0.014360846,0.002664321,0.000153226,5.36E-09,3.46E-06,9.78E-08,3
0.264922362,0.036385394,0.002881903,0.000547654,6.84E-07,0.000102665,7.74E-08,3
0.240597745,0.023013842,0.003488199,0.000524953,7.09E-07,7.94E-05,4.95E-08,3
0.194893141,0.005754432,0.001699525,5.57E-05,-5.86E-09,-3.88E-06,-1.61E-08,3
0.203420657,0.008937128,0.001767989,5.09E-05,-9.51E-09,-1.19E-06,1.19E-08,3
0.242325664,0.024987536,0.002578408,0.000382436,3.80E-07,6.03E-05,8.29E-09,3
0.236436008,0.02236379,0.002543,0.0004125,4.22E-07,6.08E-05,2.87E-08,3
0.201911278,0.008672845,0.001588315,4.85E-05,-1.34E-08,-4.08E-06,-1.45E-09,3
0.232646839,0.020850756,0.00247724,0.000267986,2.11E-07,3.70E-05,5.74E-08,3
0.249304299,0.028573667,0.002477575,0.000423065,4.32E-07,7.15E-05,-2.45E-08,3
0.238662938,0.024393757,0.001670744,0.000258104,1.69E-07,4.00E-05,-1.21E-09,3
0.223871779,0.015907057,0.003024907,0.000301289,2.68E-07,3.55E-05,1.05E-07,3
0.221749322,0.016081063,0.002479465,0.000143132,5.47E-09,2.37E-06,8.51E-08,3
0.234342616,0.023449676,0.000955138,9.25E-05,2.01E-08,6.86E-06,1.87E-08,3
0.238533888,0.023363507,0.002603266,0.000303153,2.46E-07,4.03E-05,1.10E-07,3
0.211606006,0.009246481,0.001528176,7.73E-05,7.83E-09,2.62E-06,2.54E-08,1
0.203091293,0.006154494,0.000893024,3.62E-05,-4.49E-09,-2.84E-06,-4.71E-09,1
0.250723973,0.023597888,0.004420812,0.000829888,1.47E-06,0.000110004,5.98E-07,1
0.203145214,0.005960683,0.000840959,4.16E-05,-3.01E-09,-3.08E-06,-7.18E-09,1
0.21583571,0.011138001,0.001554561,0.000129243,1.84E-08,5.50E-06,5.49E-08,1
0.210836194,0.008950424,0.000997323,5.34E-05,-1.08E-08,-4.94E-06,-5.82E-09,1
0.201410227,0.005469376,0.000939812,4.07E-05,-7.63E-09,-2.80E-06,-2.27E-09,1
0.204707505,0.006212164,0.000770937,3.65E-05,-4.21E-09,-2.87E-06,-4.46E-09,1
0.214946255,0.009279649,0.001153439,5.37E-05,-1.34E-08,-4.18E-06,8.30E-11,1
0.214730852,0.009775506,0.000963899,5.34E-05,-8.19E-09,-5.28E-06,-8.91E-09,1
0.207645873,0.007907649,0.000617673,5.05E-05,3.03E-09,-3.28E-06,-8.39E-09,1
0.214738497,0.00921501,0.001283697,6.45E-05,-1.67E-08,-3.68E-06,8.13E-09,1
0.254118225,0.023793706,0.004242515,0.000660164,8.22E-07,7.07E-05,7.39E-07,1
0.215863825,0.009631955,0.001292241,6.77E-05,-2.00E-08,-5.67E-06,-4.00E-11,1
0.209674281,0.008211951,0.000798266,5.27E-05,-1.66E-09,-4.29E-06,-1.07E-08,1
0.219252712,0.010281175,0.001726132,0.0001143,-1.11E-08,-1.15E-07,4.96E-08,1
0.25920676,0.025848976,0.004659808,0.000764479,1.18E-06,9.50E-05,8.31E-07,1
0.214361031,0.009206002,0.001139363,6.55E-05,-1.67E-08,-6.03E-06,-6.38E-09,1
0.205720823,0.006743969,0.000700957,5.12E-05,8.25E-10,-3.43E-06,-9.67E-09,1
0.220767317,0.010535488,0.001867597,0.000135749,-2.00E-08,-1.29E-06,6.53E-08,1
0.241347248,0.00807765,0.010214016,0.00053089,3.67E-07,2.53E-05,1.18E-06,5
0.206768796,0.001100644,0.005609609,6.83E-05,2.98E-08,-7.38E-07,-3.00E-08,5
0.207314486,0.002374886,0.005311964,9.65E-05,-1.16E-08,-3.93E-06,-6.81E-08,5
0.267055851,0.019549033,0.012590872,0.001750859,6.74E-06,0.000220092,4.70E-06,5
0.217780017,0.0041133,0.005375814,5.79E-05,7.35E-09,3.08E-06,3.14E-08,5
0.204609073,0.000690754,0.005216506,5.23E-05,2.66E-08,1.87E-08,-6.15E-09,5
0.231962293,0.004844192,0.009541843,0.000486618,1.63E-07,1.23E-05,1.04E-06,5
0.241650765,0.009592306,0.009384093,0.000589822,9.77E-07,5.15E-05,9.86E-07,5
0.270837503,0.020192026,0.013870666,0.001830762,7.04E-06,0.000216275,5.97E-06,5
0.232367231,0.00620662,0.009031629,0.00045726,2.52E-08,9.86E-06,9.29E-07,5
0.209349771,0.001610668,0.005722825,8.17E-05,-2.46E-08,-3.19E-06,-5.01E-08,5
0.222860027,0.004702207,0.006322331,0.000121635,-1.63E-08,4.14E-06,1.05E-07,5
0.281495885,0.028131592,0.012094672,0.001583001,5.67E-06,0.000236369,3.98E-06,
0.239375217,0.008935528,0.009499198,0.000579374,3.06E-07,2.48E-05,1.32E-06,5
0.206693905,0.001603831,0.005544792,0.000114602,2.60E-08,-2.15E-06,-8.76E-08,5
0.202197833,0.000122223,0.004972338,4.30E-05,1.94E-08,1.68E-07,4.34E-09,5
0.250543559,0.013154999,0.00962807,0.000641094,6.58E-07,4.80E-05,1.45E-06,5
0.263637951,0.01861631,0.011258761,0.001104325,2.41E-06,0.000111013,3.06E-06,5
0.246774977,0.011925826,0.010002882,0.000718718,6.73E-07,4.22E-05,1.81E-06,5
0.231859368,0.007343407,0.00779107,0.000290934,-5.34E-08,7.07E-06,4.35E-07,5
0.201347535,0.008482619,0.001927981,0.000402769,3.23E-07,2.34E-05,1.48E-07,4
0.237417857,0.027365831,0.000151275,0.000119709,1.61E-08,1.86E-05,-1.04E-09,4
0.221137205,0.018891556,0.000730976,0.000233438,9.35E-08,2.06E-05,2.37E-08,4
0.225385669,0.020840357,0.000520563,0.000193293,6.07E-08,2.12E-05,9.00E-09,4
0.213645656,0.016488227,0.000426271,0.000178037,4.86E-08,2.10E-05,6.71E-09,4
0.221187002,0.019012798,0.000623868,0.000176563,5.62E-08,1.42E-05,1.68E-08,4
0.216206089,0.001519194,0.004494733,0.00073816,-1.28E-06,-2.49E-05,4.02E-07,4
0.213876191,0.015730497,0.000700315,0.000213648,7.98E-08,1.76E-05,2.13E-08,4
0.247762195,0.031734654,0.000153356,5.35E-05,4.79E-09,6.59E-06,7.69E-10,4
0.220755299,0.019383136,0.000278019,0.000130241,2.47E-08,1.66E-05,1.98E-09,4
0.241566565,0.029440042,4.32E-05,4.83E-05,2.20E-09,8.18E-06,-2.19E-10,4
0.214553964,0.015783034,0.000934785,0.000194925,7.33E-08,1.04E-05,3.94E-08,4
0.208450285,0.011811292,0.001649354,0.000350958,2.32E-07,1.83E-05,1.32E-07,4
0.199792618,0.008251697,0.001622148,0.000373418,2.67E-07,2.35E-05,1.14E-07,4
0.215446686,0.016812472,0.000472514,0.000184084,5.36E-08,1.85E-05,8.52E-09,4
0.218076101,0.017485156,0.000728056,0.000189534,6.60E-08,1.36E-05,2.45E-08,4
0.205264583,0.012319189,0.000883504,0.000275623,1.31E-07,2.28E-05,3.56E-08,4
0.199099331,0.007446716,0.001941938,0.00043306,3.63E-07,2.94E-05,1.60E-07,4
0.19816811,0.007866176,0.00154643,0.000375774,2.67E-07,2.48E-05,1.04E-07,4
0.229344848,0.023450309,0.000331971,0.000162744,3.77E-08,2.40E-05,2.92E-09,4
0.223239308,0.005643883,0.000352551,0.000218608,-3.19E-08,1.63E-05,5.16E-08,0
0.223209673,0.004305133,0.00023117,0.000236627,-5.41E-08,1.50E-05,1.17E-08,0
0.221285152,0.006745786,0.000404891,0.000226347,2.72E-08,1.75E-05,6.29E-08,0
0.230924132,0.010699077,0.001078332,1.37E-05,-1.13E-09,1.37E-06,1.22E-09,0
0.225511052,0.009225663,0.000792085,3.33E-05,-4.05E-09,2.61E-06,-3.57E-09,0
0.226853602,0.009244364,0.00082398,3.60E-05,-5.50E-09,3.06E-06,-2.87E-09,0
0.22748599,0.008896168,0.000791303,5.39E-05,-6.70E-09,3.61E-06,-8.90E-09,0
0.226790333,0.009267312,0.000840062,4.82E-05,3.48E-10,2.13E-06,-9.70E-09,0
0.224490019,0.006688067,0.001048382,2.97E-05,-4.55E-09,2.02E-06,-2.59E-09,0
0.234001169,0.00770294,0.001166025,8.65E-05,-2.35E-08,7.58E-06,1.42E-08,0
0.238652401,0.009087508,0.001462167,5.79E-05,-5.36E-10,4.93E-06,1.68E-08,0
0.240628907,0.010162506,0.001779276,4.09E-05,1.10E-08,3.53E-07,2.79E-10,0
0.241317992,0.010383992,0.001769523,4.70E-05,1.24E-08,-6.88E-07,-5.44E-09,0
0.242092586,0.010826161,0.001969158,6.18E-05,1.25E-08,-2.97E-06,-1.75E-08,0
0.243137286,0.011031336,0.002125982,7.12E-05,1.08E-08,-4.39E-06,-2.55E-08,0
0.243791293,0.012823054,0.00204465,1.57E-05,-2.12E-09,-1.72E-06,-1.83E-09,0
0.244272132,0.011879629,0.002152601,3.60E-06,2.48E-10,-2.53E-07,-1.98E-10,0
0.247859572,0.01210743,0.001760053,9.05E-06,-1.06E-09,9.95E-07,4.36E-10,0
0.257999382,0.016923107,0.001954928,2.36E-06,1.55E-10,-2.30E-07,4.00E-11,0
0.25878861,0.016810354,0.002106267,1.85E-06,1.12E-10,-1.84E-07,2.80E-11,0
0.256065661,0.022984108,0.000323874,0.001035495,4.28E-07,0.000140177,-4.20E-07,2
0.257460337,0.0230238,0.000416658,0.001187308,6.35E-07,0.000159855,-5.42E-07,2
0.25540387,0.022617982,0.000812227,0.00115339,1.04E-06,0.000147617,-3.97E-07,2
0.258294843,0.022707384,0.000471366,0.000632239,-2.79E-07,8.89E-05,-2.03E-07,2
0.264394531,0.025390956,0.000768944,0.00064418,-4.29E-07,9.96E-05,-1.46E-07,2
0.250147929,0.014827295,0.000652491,0.001025597,9.06E-08,0.000112532,8.34E-07,2
0.248728125,0.014422361,0.000824596,0.000947536,2.33E-07,9.87E-05,8.05E-07,2
0.248940124,0.013777753,0.000764264,0.000983476,1.15E-07,0.000101011,8.45E-07,2
0.255189502,0.011786596,0.001162464,0.001368623,-1.04E-06,0.000141157,1.38E-06,2
0.245574779,0.011769367,0.000148932,0.001207326,-4.87E-07,0.000130954,1.57E-07,2
0.245158087,0.01119825,0.000673682,0.000940094,-3.84E-07,9.51E-05,6.42E-07,2
0.25539479,0.014899678,0.001320989,0.001049578,3.70E-08,0.000105682,1.24E-06,2
0.250990932,0.022800346,0.000355476,0.000618211,1.94E-07,8.20E-05,2.16E-07,2
0.260293259,0.022938512,0.000778099,0.000544237,-1.04E-07,6.99E-05,3.39E-07,2
0.255853002,0.017104362,0.001541124,0.000767236,5.56E-08,7.72E-05,8.32E-07,2
0.270070874,0.020712318,0.001005362,0.001326272,-1.52E-06,0.000189021,1.71E-07,2
0.266359765,0.022188151,0.000422389,0.001160103,-7.26E-07,0.000166231,-3.63E-07,2
0.261003086,0.020709096,0.001085817,0.000752183,-4.23E-07,9.75E-05,-5.32E-07,2
0.261269432,0.021357143,0.000959526,0.000716381,-4.50E-07,9.70E-05,-3.88E-07,2
0.265097153,0.022678684,0.000533796,0.000996062,-5.72E-07,0.000142215,-4.47E-07,2
0.199341945,0.005595997,0.002823613,0.000181146,-8.02E-09,-8.48E-06,-1.29E-07,3
0.19505088,0.004685573,0.00240186,0.00013495,-2.57E-08,-7.31E-06,-7.24E-08,3
0.192884136,0.00382816,0.002377159,0.000206827,6.36E-08,-4.47E-08,-1.30E-07,3
0.195051062,0.004148838,0.002651416,0.000231382,7.64E-08,-2.74E-07,-1.64E-07,3
0.194462175,0.003958144,0.002407665,0.000161171,2.99E-08,-4.83E-06,-9.58E-08,3
0.195521065,0.005262992,0.001945,0.000118147,2.48E-08,-4.07E-06,-5.09E-08,3
0.198553374,0.006436272,0.002172616,0.000125669,1.11E-08,-5.72E-06,-6.47E-08,3
0.197589614,0.004710235,0.00285756,0.000174415,5.39E-09,-6.90E-06,-1.23E-07,3
0.194049364,0.003755814,0.002582206,0.000164234,9.55E-09,-5.20E-06,-1.07E-07,3
0.193214084,0.003691063,0.002476967,0.000173782,2.71E-08,-3.57E-06,-1.11E-07,3
0.187515662,0.001426184,0.002011093,7.66E-05,-1.81E-08,-2.89E-06,2.40E-08,3
0.186983466,0.001031972,0.001963001,8.78E-05,-1.28E-08,-2.77E-06,3.41E-08,3
0.184874189,0.000649569,0.001714364,9.26E-05,3.87E-09,-1.90E-06,3.67E-08,3
0.18364597,0.000527713,0.001573431,9.52E-05,1.11E-08,-1.34E-06,3.51E-08,3
0.186278816,0.000888946,0.00197781,8.67E-05,-3.62E-09,-2.25E-06,3.57E-08,3
0.190661919,0.00242967,0.002230284,8.01E-05,-3.01E-08,-3.73E-06,1.54E-08,3
0.19772445,0.005364679,0.002496841,9.09E-05,-3.52E-08,-3.18E-06,-2.53E-08,3
0.200560604,0.00644329,0.002570371,9.83E-05,-3.23E-08,-2.59E-06,-3.74E-08,3
0.187048059,0.001031054,0.001873441,9.21E-05,-1.29E-08,-2.89E-06,3.61E-08,3
0.183716967,0.000385719,0.001516737,0.000104069,1.32E-08,-1.06E-06,3.92E-08,3
0.220611914,0.006808508,0.001774693,0.000332266,2.48E-07,2.37E-05,5.83E-08,1
0.220691161,0.006889223,0.001794958,0.000311019,2.29E-07,2.13E-05,4.05E-08,1
0.219142115,0.006890803,0.001362898,0.0002914,1.72E-07,2.05E-05,6.36E-08,1
0.218415382,0.006934468,0.001274115,0.000262621,1.42E-07,1.79E-05,5.48E-08,1
0.216033565,0.006357704,0.000927957,0.000245582,9.80E-08,1.72E-05,6.43E-08,1
0.217089228,0.006738752,0.000934791,0.00021305,7.91E-08,1.45E-05,5.27E-08,1
0.22135916,0.007882195,0.002127989,0.000216339,1.44E-07,1.12E-05,-2.78E-08,1
0.222840569,0.008195379,0.00247856,0.000271048,2.19E-07,1.57E-05,-3.58E-08,1
0.222400307,0.008237828,0.002288285,0.000321404,2.75E-07,2.34E-05,1.52E-08,1
0.223663835,0.008527041,0.002473675,0.000345523,3.19E-07,2.59E-05,5.84E-09,1
0.222766298,0.008254967,0.002372357,0.000285242,2.34E-07,1.91E-05,-1.52E-08,1
0.220147289,0.007311848,0.00164386,0.000278523,1.86E-07,1.90E-05,3.00E-08,1
0.219984948,0.006871058,0.001386393,0.000260354,1.50E-07,1.76E-05,4.56E-08,1
0.222516732,0.008135615,0.001356588,0.000214765,1.13E-07,1.33E-05,2.36E-08,1
0.219747005,0.007138997,0.000940709,0.000225662,8.64E-08,1.58E-05,5.78E-08,1
0.216639879,0.006288623,0.000597079,0.000237229,5.39E-08,1.74E-05,7.12E-08,1
0.213754364,0.006817988,0.001117086,0.000129953,4.66E-08,8.16E-06,1.67E-08,1
0.215535745,0.006999281,0.001324103,0.000216546,1.07E-07,1.56E-05,4.45E-08,1
0.213418299,0.006860965,0.001058293,0.000276805,1.21E-07,2.26E-05,8.84E-08,1
0.212137348,0.006737629,0.000837475,0.000288091,1.04E-07,2.36E-05,9.63E-08,1
0.221581229,0.004036863,0.008342458,0.000889709,1.28E-06,3.09E-05,2.06E-06,5
0.231765954,0.007076676,0.009971969,0.001400494,3.06E-06,5.81E-05,4.25E-06,5
0.230895659,0.006551091,0.009726319,0.001263452,1.93E-06,2.09E-05,3.99E-06,5
0.232677562,0.007100554,0.009808081,0.001302667,2.02E-06,1.52E-05,4.19E-06,5
0.23675206,0.010232845,0.009838853,0.001457059,2.94E-06,5.05E-05,4.67E-06,5
0.230057697,0.008521555,0.008749679,0.001178483,2.08E-06,4.95E-05,3.16E-06,5
0.228133296,0.007863759,0.008597222,0.001022922,1.79E-06,4.88E-05,2.45E-06,5
0.225181205,0.006498867,0.008376704,0.000863465,1.43E-06,4.51E-05,1.83E-06,5
0.223824092,0.006046009,0.00814632,0.000811758,1.19E-06,3.97E-05,1.71E-06,5
0.219263927,0.003771921,0.007802417,0.00075593,1.02E-06,3.03E-05,1.53E-06,5
0.218440667,0.002156395,0.008218327,0.000741896,8.75E-07,2.21E-05,1.61E-06,5
0.206333531,0.004034637,0.00466565,0.000236884,4.50E-08,1.80E-06,-2.45E-07,5
0.206740436,0.003699573,0.004856185,0.000198699,5.02E-08,3.00E-06,-1.89E-07,5
0.205104437,0.003114077,0.004974119,0.000203673,5.12E-08,2.74E-06,-1.99E-07,5
0.20476824,0.003724034,0.004795104,0.00032503,1.95E-07,6.41E-06,-3.56E-07,5
0.208422586,0.005364334,0.004849643,0.000419077,2.90E-07,5.83E-06,-5.22E-07,5
0.214670973,0.007731869,0.005083926,0.0005083,3.88E-07,4.10E-06,-7.19E-07,5
0.206673998,0.004532673,0.004778879,0.000341544,1.68E-07,5.29E-06,-4.03E-07,5
0.203106403,0.002688508,0.004776682,0.00025334,1.33E-07,5.79E-06,-2.45E-07,5
0.201907654,0.002231422,0.004704206,0.000210481,9.23E-08,4.52E-06,-1.88E-07,5
0.228831136,0.016040853,0.00480633,0.001700462,4.82E-06,0.000193442,6.08E-07,4
0.222886736,0.01305217,0.005102459,0.001571763,4.38E-06,0.00016198,7.79E-07,4
0.22890369,0.01140883,0.007407967,0.001727843,6.05E-06,0.000160344,1.28E-06,4
0.226999833,0.012210958,0.006576852,0.001719305,5.67E-06,0.000167642,1.15E-06,4
0.223539571,0.013314535,0.004924456,0.001582505,4.38E-06,0.000168063,5.85E-07,4
0.22287191,0.013234178,0.004498308,0.001543474,4.04E-06,0.000164429,4.55E-07,4
0.221845543,0.012351839,0.004707724,0.001575867,4.27E-06,0.000165485,4.67E-07,4
0.218958511,0.010215475,0.004969671,0.001383941,3.59E-06,0.000129429,5.05E-07,4
0.21640268,0.009773083,0.004437812,0.001180287,2.67E-06,0.000102402,4.41E-07,4
0.217594458,0.010216838,0.004613169,0.001250891,2.97E-06,0.000114134,4.58E-07,4
0.218211081,0.011645984,0.004054928,0.001284648,2.91E-06,0.000128132,3.61E-07,4
0.21817057,0.012051997,0.003733862,0.001288603,2.81E-06,0.000131853,3.19E-07,4
0.218654343,0.012521803,0.003533918,0.001270194,2.68E-06,0.000131887,2.71E-07,4
0.217900492,0.011339087,0.004101288,0.001281827,2.91E-06,0.000123326,3.89E-07,4
0.218345483,0.01091278,0.004387241,0.001259272,2.92E-06,0.000115476,4.80E-07,4
0.221538311,0.011959155,0.004690967,0.001362488,3.40E-06,0.000129914,5.53E-07,4
0.216951975,0.011490631,0.003811758,0.00117929,2.47E-06,0.00011264,3.56E-07,4
0.218818627,0.013850188,0.003443529,0.001193644,2.40E-06,0.000127555,3.47E-07,4
0.218790364,0.013699262,0.00353018,0.001274127,2.67E-06,0.00014001,4.18E-07,4
0.216958843,0.012179141,0.003723499,0.001279908,2.76E-06,0.000135438,4.32E-07,4
0.205490305,0.006413164,0.00057302,2.75E-05,7.55E-10,9.59E-07,-3.37E-09,0
0.234253755,0.020069996,0.001019542,0.000109074,8.60E-09,5.96E-06,-3.53E-08,0
0.242333267,0.021900457,0.00127209,0.00013808,9.52E-09,7.63E-06,-5.71E-08,0
0.250146542,0.02611074,0.001649289,0.000264249,7.42E-08,1.91E-05,-1.58E-07,0
0.265519264,0.032799838,0.002491209,0.00056075,3.76E-07,4.62E-05,-5.46E-07,0
0.251085189,0.024682612,0.001396814,0.000177496,2.34E-08,1.34E-05,-8.52E-08,0
0.255968889,0.024265188,0.00103394,0.000256103,1.87E-08,1.38E-05,-1.30E-07,0
0.228624052,0.014682638,0.000836912,1.34E-05,-1.37E-09,-4.38E-07,-3.83E-10,0
0.214039263,0.008927107,0.000479423,2.01E-05,3.12E-10,4.32E-07,-1.95E-09,0
0.219922475,0.011735083,0.000607477,1.36E-05,3.52E-10,-1.45E-06,1.18E-09,0
0.21910301,0.012104036,0.000647074,2.16E-05,-1.80E-09,-2.15E-06,1.80E-09,0
0.225050664,0.01453746,0.000827494,4.16E-05,-7.12E-09,-2.14E-06,-3.01E-09,0
0.234693928,0.018600973,0.001138578,9.85E-05,-7.90E-09,1.40E-06,-3.20E-08,0
0.245279299,0.023318226,0.001670679,0.000269969,5.11E-08,1.38E-05,-1.74E-07,0
0.231821831,0.017488436,0.000859405,7.61E-05,-1.40E-08,-2.96E-06,-1.35E-08,0
0.227352268,0.015862745,0.000863313,5.44E-05,-8.14E-09,-1.40E-06,-8.53E-09,0
0.223967762,0.015576691,0.000981745,4.76E-05,1.12E-09,2.59E-06,-1.02E-08,0
0.21494308,0.010871567,0.000869098,1.18E-06,1.80E-11,9.29E-08,-3.30E-11,0
0.220408214,0.013208398,0.000852569,8.69E-06,4.66E-10,8.32E-07,-5.85E-10,0
0.207255793,0.008004506,0.000283313,4.01E-05,-1.99E-09,2.75E-06,-3.79E-09,0
0.252903291,0.024322528,0.001376546,0.000375587,2.66E-07,1.01E-05,4.50E-08,2
0.253247114,0.025410209,0.001250953,0.000267654,1.48E-07,5.54E-07,4.65E-08,2
0.255067502,0.031519607,0.000276035,0.000118138,1.65E-08,1.26E-05,-1.36E-08,2
0.279841415,0.041453939,0.002408314,0.000226759,-8.03E-08,-3.78E-05,1.47E-07,2
0.267321877,0.035443166,0.001207491,0.00020149,7.27E-08,-2.07E-06,6.78E-08,2
0.24711279,0.024799839,0.000494886,0.00059581,3.01E-07,8.39E-05,-1.20E-07,2
0.278144764,0.038321588,0.002793375,0.000238066,-1.87E-07,-4.65E-05,5.20E-08,2
0.249444269,0.023418129,0.002024443,0.000322402,1.69E-07,-3.21E-06,1.98E-07,2
0.240899249,0.020247125,0.001415628,0.00026751,1.31E-07,3.02E-06,1.00E-07,2
0.270037906,0.035933869,0.001070513,0.000180975,6.58E-08,-3.31E-06,4.50E-08,2
0.289455781,0.046884314,0.000540058,0.000163117,4.73E-08,1.43E-05,-1.02E-08,2
0.269368274,0.034516569,0.001556936,0.000250759,1.13E-07,-6.25E-06,1.09E-07,2
0.263247946,0.030251887,0.001973921,0.000286112,1.27E-07,-1.16E-05,1.73E-07,2
0.26903357,0.032358164,0.003149421,0.000260376,-1.73E-07,-4.49E-05,1.61E-07,2
0.277166372,0.041680112,0.000448295,5.89E-05,8.72E-09,4.35E-06,3.97E-09,2
0.28945537,0.048576407,0.000610465,2.40E-05,-1.58E-10,-4.73E-06,-2.90E-09,2
0.279348091,0.040389003,0.000769989,0.000303213,1.33E-07,3.32E-05,6.16E-08,2
0.286306797,0.046337891,0.000396108,4.88E-05,5.31E-09,4.13E-06,4.21E-09,2
0.259123593,0.029914997,0.001329667,0.000260281,1.26E-07,1.04E-06,8.66E-08,2
0.26797796,0.033725028,0.001933231,0.000224228,1.10E-08,-2.59E-05,1.47E-07,2
0.232446689,0.022150975,0.00103537,5.82E-05,-1.42E-08,-8.65E-06,-1.60E-09,3
0.256129435,0.029879154,0.001826276,0.000131943,-6.48E-08,-2.23E-05,6.74E-10,3
0.193906556,0.003507489,0.002385297,0.00019362,7.44E-08,-2.15E-06,-1.09E-07,3
0.225560946,0.01615696,0.001636323,9.32E-05,-3.44E-08,-1.02E-05,1.19E-08,3
0.245680925,0.025441671,0.000202668,4.42E-06,-1.27E-10,-6.88E-07,-3.60E-11,3
0.250377966,0.027089405,0.000217284,1.36E-05,1.59E-10,1.68E-06,7.18E-10,3
0.25886407,0.032670831,1.35E-05,6.15E-06,-5.60E-11,-4.78E-07,3.00E-12,3
0.211031567,0.009950915,0.00255981,0.000128273,-6.61E-08,-8.83E-06,3.21E-08,3
0.247766782,0.026334415,0.001057903,9.89E-05,1.89E-08,7.57E-06,2.58E-08,3
0.252496356,0.028364736,0.000623195,5.80E-05,7.14E-09,4.16E-06,8.41E-09,3
0.256135069,0.030074854,0.000256449,2.46E-05,1.78E-09,2.32E-06,7.85E-10,3
0.251993885,0.028163924,0.000331459,1.97E-05,5.10E-10,-6.17E-07,1.50E-09,3
0.261973114,0.032555855,0.000253624,2.60E-06,-6.60E-11,-1.99E-07,-6.00E-12,3
0.234470781,0.019830988,0.001348974,0.000101209,6.74E-10,1.72E-07,3.74E-08,3
0.221856653,0.014816179,0.002059637,0.000136666,-1.29E-08,-1.16E-06,7.14E-08,3
0.247773393,0.026924503,0.000889458,7.42E-05,1.13E-08,6.09E-06,1.54E-08,3
0.268084374,0.036823148,7.41E-05,7.04E-06,7.40E-11,1.25E-06,-1.43E-10,3
0.258948393,0.031520443,5.02E-05,2.57E-06,7.00E-12,4.56E-07,-2.80E-11,3
0.240244115,0.022711914,0.000832631,5.19E-05,-5.23E-09,-4.53E-06,9.43E-09,3
0.231866469,0.018954729,0.001179019,6.20E-05,-8.42E-09,-3.03E-06,1.45E-08,3
0.22139765,0.009664121,0.002645137,7.32E-05,-3.06E-08,-7.16E-06,-1.02E-08,1
0.253192046,0.022936418,0.004509397,0.000193618,-6.70E-08,-1.41E-05,1.68E-07,1
0.309099114,0.050621309,0.006000021,0.000872126,1.66E-06,0.000116947,1.10E-06,1
0.273710086,0.031343848,0.004185999,0.000507965,6.29E-07,5.73E-05,3.92E-07,1
0.269460425,0.029424438,0.003788838,0.000428555,4.38E-07,4.36E-05,3.26E-07,1
0.235334384,0.014352457,0.00239894,0.00010555,9.03E-09,-1.61E-07,5.23E-08,1
0.283586694,0.036567093,0.003613725,0.000520976,6.48E-07,7.36E-05,3.02E-07,1
0.277619112,0.03347623,0.004470438,0.000638935,9.82E-07,8.47E-05,4.50E-07,1
0.230725975,0.013350914,0.002860896,8.81E-05,-2.70E-08,-6.46E-06,3.51E-08,1
0.211350858,0.007189484,0.002019085,6.75E-05,1.52E-08,-4.53E-07,-1.98E-08,1
0.232368161,0.013302648,0.002507164,9.91E-05,-3.19E-09,-2.28E-06,4.93E-08,1
0.192535924,0.000657256,0.00078063,0.00011723,3.15E-08,2.59E-06,1.64E-08,1
0.197364213,0.001830303,0.000708285,7.21E-05,1.59E-08,2.79E-06,3.58E-09,1
0.209100889,0.005422308,0.001117273,2.87E-05,-7.35E-10,-1.41E-06,-5.09E-09,1
0.227623152,0.011885011,0.002157574,8.05E-05,6.64E-09,1.10E-07,3.29E-08,1
0.235661941,0.016197583,0.002791526,0.000119535,1.65E-08,2.60E-07,6.70E-08,1
0.218228845,0.009408457,0.002146529,4.46E-05,-1.37E-08,-4.27E-06,-1.40E-09,1
0.2273214,0.014209962,0.002609884,6.89E-05,-2.80E-08,-8.22E-06,-8.43E-09,1
0.229147796,0.012439587,0.002412219,8.20E-05,-2.01E-08,-5.33E-06,3.04E-08,1
0.220635049,0.009123248,0.001769162,4.82E-05,-1.34E-08,-4.12E-06,4.22E-09,1
0.199457857,0.001215841,0.003882872,5.48E-05,8.84E-09,1.60E-06,2.37E-08,5
0.202874508,0.002191459,0.004086588,2.31E-05,6.21E-09,3.19E-07,3.42E-09,5
0.209371625,0.004653064,0.004031326,3.10E-06,-3.15E-10,-1.15E-07,1.44E-10,5
0.227301221,0.011604488,0.004135541,7.84E-05,4.46E-08,8.33E-06,-2.68E-09,5
0.250896654,0.02203967,0.003735959,0.000230309,2.12E-07,3.42E-05,-2.53E-08,5
0.19428966,0.0016681,0.002666147,1.36E-05,-2.25E-09,4.74E-07,-1.26E-09,5
0.191512904,0.001195762,0.002393337,2.27E-05,-5.21E-09,7.22E-07,-8.53E-10,5
0.206073335,0.005701421,0.002844867,8.63E-06,-4.89E-10,2.69E-07,-1.26E-09,5
0.204563738,0.004267475,0.00323659,7.38E-07,-2.20E-11,1.39E-08,-2.80E-11,5
0.201144087,0.002886024,0.003453528,3.63E-06,4.02E-10,-1.74E-08,6.50E-11,5
0.190507717,0.00070829,0.002392436,0.00015967,-6.82E-08,-2.24E-06,7.14E-08,5
0.218873108,0.006131974,0.005525646,4.96E-05,4.45E-09,1.20E-06,2.56E-08,5
0.20246918,0.002261115,0.004184382,5.91E-06,8.14E-10,-7.15E-08,-4.50E-10,5
0.199028739,0.001284293,0.0038043,2.12E-05,-2.24E-09,7.58E-07,5.57E-09,5
0.19693153,0.000704218,0.003730544,6.89E-05,-6.98E-09,1.81E-06,3.42E-08,5
0.194385895,0.000591519,0.003305392,0.000166255,-5.42E-08,2.94E-07,1.11E-07,5
0.199292452,0.001764671,0.003892872,0.000174516,-9.02E-08,-2.73E-06,1.12E-07,5
0.201713387,0.001135771,0.004371422,1.83E-05,-2.38E-09,6.17E-07,4.60E-09,5
0.225940904,0.00875069,0.005464706,7.94E-05,4.90E-08,6.56E-06,1.81E-08,5
0.220929398,0.006351734,0.005580348,7.00E-05,-2.09E-08,-9.10E-07,3.85E-08,5
0.210520609,0.011379305,0.002367459,0.000774337,1.05E-06,7.54E-05,8.44E-08,4
0.216017327,0.014327593,0.001881645,0.000661618,7.38E-07,6.96E-05,3.15E-08,4
0.229588555,0.021282131,0.001219748,0.000434443,3.16E-07,5.03E-05,9.00E-09,4
0.213204733,0.008202688,0.004666581,0.001055764,2.33E-06,9.18E-05,2.71E-07,4
0.222346643,0.017385269,0.001755554,0.000575248,5.76E-07,6.15E-05,4.28E-08,4
0.219477584,0.015182265,0.002594309,0.000755212,1.05E-06,7.73E-05,1.54E-07,4
0.20848041,0.010252422,0.002384731,0.000654187,8.13E-07,5.80E-05,8.07E-08,4
0.207461516,0.01064963,0.001961021,0.000589679,6.32E-07,5.31E-05,5.10E-08,4
0.204624784,0.007188909,0.0033123,0.000749596,1.16E-06,5.87E-05,2.15E-07,4
0.209469424,0.011541357,0.001937185,0.000599631,6.45E-07,5.63E-05,4.65E-08,4
0.209691668,0.010667921,0.00244639,0.000683149,8.79E-07,6.14E-05,8.59E-08,4
0.210551792,0.010583091,0.002720227,0.000710177,9.80E-07,6.32E-05,1.19E-07,4
0.212575455,0.0113649,0.00277876,0.000736233,1.04E-06,6.67E-05,1.36E-07,4
0.218070586,0.015255197,0.002077299,0.000563772,6.03E-07,5.39E-05,9.38E-08,4
0.210014948,0.009520931,0.003434652,0.000766935,1.23E-06,6.64E-05,2.16E-07,4
0.203562165,0.005824615,0.003668436,0.000636928,9.56E-07,4.63E-05,1.85E-07,4
0.207784636,0.010966062,0.001937693,0.000620416,6.78E-07,5.85E-05,5.71E-08,4
0.205409059,0.009036275,0.002499872,0.000661548,8.44E-07,5.68E-05,1.07E-07,4
0.206324074,0.008194967,0.00310962,0.000693214,1.01E-06,5.68E-05,1.45E-07,4
0.218662513,0.016560607,0.001142409,0.000387481,2.58E-07,4.06E-05,3.67E-09,4
0.199294859,0.004365706,0.00014676,6.66E-05,3.31E-09,3.41E-06,5.70E-09,0
0.240690608,0.022227715,0.001225605,0.000113341,1.41E-08,5.84E-06,3.98E-08,0
0.224033026,0.015065263,0.000410416,4.15E-06,-1.27E-10,-5.09E-07,-1.16E-10,0
0.215240118,0.009673741,0.000484007,1.93E-05,1.86E-09,6.18E-07,6.70E-11,0
0.216030644,0.011832073,0.000293958,1.18E-05,6.84E-10,4.61E-07,1.21E-10,0
0.222840469,0.012502752,0.000834415,1.47E-05,-1.12E-09,-1.61E-06,-1.17E-09,0
0.202086058,0.006437236,0.000111041,5.57E-05,3.18E-09,4.40E-06,3.01E-09,0
0.210475077,0.007261258,0.000169157,6.42E-05,4.52E-09,3.80E-06,4.93E-09,0
0.211801249,0.005430942,0.000261881,8.68E-05,9.74E-09,5.29E-06,8.74E-09,0
0.203175514,0.006740289,0.000113961,5.30E-05,2.85E-09,3.03E-06,2.97E-09,0
0.197583526,0.005309151,2.11E-05,5.60E-05,5.60E-10,3.48E-06,1.84E-09,0
0.21932408,0.011856173,0.000291753,4.46E-06,4.80E-11,2.28E-07,1.53E-10,0
0.200811338,0.005035933,3.76E-05,5.61E-05,6.37E-10,3.84E-06,2.49E-09,0
0.223280548,0.011809142,0.00058971,1.44E-05,-2.24E-10,-0.000001397,-1.30E-09,0
0.211712642,0.009437517,0.000153202,3.51E-05,2.20E-09,2.27E-06,1.33E-09,0
0.214270796,0.009484041,0.000208946,2.78E-05,1.80E-09,1.78E-06,1.12E-09,0
0.206044887,0.006484397,5.11E-05,4.78E-05,1.39E-09,3.85E-06,1.91E-09,0
0.209060469,0.008025909,0.000151821,3.97E-05,2.40E-09,2.79E-06,1.93E-09,0
0.22005628,0.012127308,0.000387743,1.50E-05,7.66E-10,-6.26E-07,-8.50E-10,0
0.210453513,0.008471076,0.000144307,3.91E-05,2.37E-09,2.68E-06,1.73E-09,0
0.226020775,0.011900936,2.92E-05,0.000572441,6.84E-08,6.19E-05,2.82E-08,2
0.255535755,0.02954529,4.69E-05,0.000183341,-1.69E-08,3.15E-05,-2.24E-09,2
0.24566297,0.023695328,0.000181117,0.000189496,-2.40E-08,2.81E-05,-2.56E-08,2
0.288108557,0.047139572,0.000547902,1.35E-05,1.12E-09,-1.31E-06,-3.07E-10,2
0.257822033,0.030338113,0.0001849,0.000161718,-2.35E-08,2.76E-05,1.51E-08,2
0.221740599,0.010156775,3.98E-06,0.000485954,1.45E-08,4.87E-05,1.57E-08,2
0.247104206,0.026991953,0.000441426,0.000673211,3.65E-07,0.000107103,3.67E-08,2
0.319718882,0.067642447,0.001091368,7.55E-05,-2.16E-08,-1.73E-05,2.18E-09,2
0.296465799,0.053593568,0.000321874,2.38E-05,1.98E-09,2.85E-07,6.71E-10,2
0.282585888,0.041254624,0.00118117,9.99E-05,3.42E-08,-1.11E-06,2.47E-09,2
0.245447558,0.022606907,0.000544623,0.000202469,-2.40E-10,2.48E-05,6.72E-08,2
0.271870205,0.037815403,0.000129583,0.000255959,-4.88E-09,4.58E-05,4.64E-08,2
0.275013103,0.0391346,0.000180586,0.000332337,3.08E-08,5.72E-05,7.54E-08,2
0.240188394,0.019579215,8.99E-06,0.000551824,1.49E-08,7.66E-05,3.59E-08,2
0.265630612,0.032931661,0.000484838,0.000327671,7.97E-08,4.47E-05,1.03E-07,2
0.24997018,0.025707149,0.000222904,0.000297584,9.71E-09,4.35E-05,7.60E-08,2
0.318780301,0.067469567,0.000249562,3.43E-05,2.21E-09,4.06E-06,2.29E-09,2
0.219548802,0.006149821,2.33E-05,0.000494919,5.10E-08,3.47E-05,-1.49E-08,2
0.234092996,0.019332138,0.000334499,0.000387711,1.24E-07,5.29E-05,6.43E-08,2
0.297758639,0.053892093,0.000306981,0.000135636,2.31E-08,1.76E-05,1.53E-08,2
0.266765522,0.036059408,3.06E-05,0.000265181,-1.24E-08,4.95E-05,2.04E-08,2
0.211170817,0.009493411,0.002957414,9.36E-05,-4.61E-08,-6.11E-06,1.73E-08,3
0.235726646,0.020210134,0.00219107,8.57E-05,-2.88E-08,-7.32E-06,2.35E-08,3
0.239932372,0.024763572,0.000421731,2.64E-05,1.85E-09,-6.35E-07,-2.09E-09,3
0.30213719,0.05344714,0.000931736,0.000294351,1.40E-07,6.59E-05,-6.35E-08,3
0.222338217,0.01395444,0.003369061,0.000160877,-1.16E-07,-1.85E-05,-2.44E-08,3
0.265133921,0.037491208,0.000324018,9.21E-05,1.40E-08,1.75E-05,-7.65E-09,3
0.25272427,0.028188686,0.002763684,0.000195735,3.90E-08,7.56E-06,1.39E-07,3
0.238520717,0.024355243,0.001367707,7.13E-05,-1.30E-08,-1.02E-05,-1.81E-08,3
0.27950636,0.042106799,0.00240888,0.000353216,3.08E-07,6.30E-05,1.07E-07,3
0.256334313,0.032032404,0.001717646,0.00010377,-7.88E-09,-3.91E-06,4.31E-08,3
0.210621159,0.009349909,0.002886399,0.000132482,-4.25E-08,-1.20E-05,-7.00E-08,3
0.236191206,0.019997625,0.002758692,0.000189299,9.76E-08,1.86E-05,9.58E-08,3
0.209653007,0.009030774,0.002883319,0.00010601,-5.55E-08,-9.73E-06,-1.89E-08,3
0.240415395,0.022358148,0.002183323,0.000150619,6.20E-08,1.48E-05,6.01E-08,3
0.236689561,0.021220944,0.001685422,8.65E-05,1.23E-08,4.25E-06,3.06E-08,3
0.221651071,0.014212317,0.00286106,0.000129098,-2.10E-08,-1.10E-06,7.56E-08,3
0.248481186,0.026461346,0.002729759,0.000301497,2.54E-07,4.36E-05,1.02E-07,3
0.217542153,0.012856405,0.002576957,9.93E-05,-4.92E-08,-9.21E-06,1.02E-08,3
0.199697186,0.005450535,0.002889692,0.000169022,-4.05E-09,-8.68E-06,-1.18E-07,3
0.24467747,0.025105941,0.002269617,0.000206934,1.20E-07,2.56E-05,7.62E-08,3
0.218485309,0.010384723,0.001485498,5.53E-05,-1.26E-08,-5.50E-06,-9.58E-09,1
0.223490528,0.012724749,0.001119103,6.11E-05,-1.23E-08,-6.85E-06,-1.02E-08,1
0.230882319,0.01615208,0.001274523,7.14E-05,-2.10E-08,-7.34E-06,4.94E-09,1
0.247633356,0.023349217,0.002098304,0.000166443,1.16E-09,8.14E-07,9.84E-08,1
0.239291043,0.019940071,0.001574548,0.000104056,-2.09E-08,-4.74E-06,3.66E-08,1
0.224484491,0.013853843,0.000874175,5.44E-05,-8.42E-09,-6.40E-06,-8.38E-09,1
0.242732894,0.021404061,0.001765664,0.000128143,-1.82E-08,-3.25E-06,5.82E-08,1
0.253801777,0.026845906,0.001920523,0.000173059,4.07E-09,3.87E-06,9.97E-08,1
0.249078709,0.024244072,0.002008032,0.000170012,1.14E-09,1.75E-06,9.93E-08,1
0.236436481,0.018968674,0.001319651,8.55E-05,-2.24E-08,-6.17E-06,1.79E-08,1
0.226258607,0.01507376,0.00074503,5.06E-05,-4.44E-09,-6.12E-06,-8.75E-09,1
0.231193284,0.016425401,0.001323297,7.93E-05,-2.25E-08,-6.77E-06,1.23E-08,1
0.23663309,0.018626184,0.001645971,0.000108091,-2.11E-08,-4.63E-06,4.04E-08,1
0.244643492,0.021977826,0.002063049,0.000165727,1.40E-09,1.21E-06,9.69E-08,1
0.248283119,0.023843784,0.002074728,0.000177843,9.87E-09,3.51E-06,1.08E-07,1
0.23975869,0.019890277,0.001631333,0.000112584,-2.28E-08,-4.56E-06,4.25E-08,1
0.23109033,0.016392148,0.001249064,7.49E-05,-2.16E-08,-7.04E-06,7.55E-09,1
0.226631785,0.014684739,0.001281463,7.16E-05,-1.92E-08,-6.05E-06,1.01E-08,1
0.242640397,0.021301096,0.001938554,0.000148713,-6.88E-09,-4.50E-07,7.96E-08,1
0.251468885,0.025647055,0.002105094,0.000194917,2.27E-08,6.66E-06,1.23E-07,1
0.210715789,0.002030529,0.005411017,6.10E-05,-3.92E-10,2.62E-06,3.51E-08,5
0.223094623,0.007305839,0.0052577,1.20E-05,-2.22E-09,-1.02E-06,-2.03E-09,5
0.273202805,0.029656462,0.00658631,0.00034001,4.86E-07,5.35E-05,1.52E-07,5
0.221185848,0.00647512,0.005167473,1.05E-05,1.08E-10,-7.45E-07,-2.44E-09,5
0.20298882,0.000756646,0.004681213,0.000145039,-4.04E-08,3.32E-06,1.12E-07,5
0.261760738,0.024922068,0.005716614,0.000229247,2.47E-07,3.24E-05,8.96E-08,5
0.269504675,0.0280329,0.006519784,0.000352986,5.09E-07,5.32E-05,1.65E-07,5
0.211956156,0.003144919,0.005114687,2.00E-06,-6.30E-11,-1.10E-07,-1.91E-10,5
0.302476486,0.046008956,0.006368934,0.000589998,1.11E-06,0.000120786,2.87E-07,5
0.241619507,0.013316673,0.006696383,0.000114075,6.50E-08,9.28E-06,7.56E-08,5
0.275235434,0.033145008,0.005401374,0.000385063,3.95E-07,4.94E-05,-3.90E-07,5
0.238738777,0.017268396,0.004700628,0.000181289,-6.59E-08,-4.33E-06,-1.54E-07,5
0.314548643,0.055458191,0.005300002,0.000658696,6.09E-07,8.22E-05,-1.07E-06,5
0.255199853,0.017133665,0.008194693,0.000234482,7.88E-08,1.15E-05,3.15E-07,5
0.21278975,0.000985407,0.006786599,0.000115984,9.86E-08,2.77E-06,2.93E-08,5
0.275711452,0.026959601,0.008726112,0.0005128,8.12E-07,6.68E-05,7.20E-07,5
0.236630188,0.004395363,0.008352102,8.58E-05,3.70E-08,4.87E-06,-6.25E-08,5
0.244842928,0.014988177,0.006554996,0.000234877,2.32E-07,2.40E-05,1.76E-07,5
0.335732655,0.066751027,0.004550004,0.000626553,1.05E-06,0.000160093,1.00E-07,5
0.233306134,0.010460153,0.006039484,0.000139312,1.10E-07,1.27E-05,6.58E-08,5
0.224015421,0.016815666,0.003218091,0.001051775,1.89E-06,0.00011963,3.93E-07,4
0.247187468,0.031316559,0.00099172,0.000423064,2.71E-07,6.20E-05,3.86E-08,4
0.238829245,0.02760625,0.000699858,0.000312365,1.45E-07,4.44E-05,1.41E-08,4
0.279119643,0.048310048,0.000273645,0.000169033,3.63E-08,3.28E-05,-9.48E-10,4
0.245620211,0.030005452,0.001227665,0.000398651,2.70E-07,4.65E-05,7.11E-08,4
0.244859154,0.02936427,0.00168279,0.000846231,1.01E-06,0.000135497,7.41E-08,4
0.235893313,0.026155969,0.001341173,0.000651002,6.08E-07,0.000103319,2.80E-08,4
0.244368788,0.031242915,0.000643754,0.000302757,1.33E-07,5.01E-05,1.16E-08,4
0.246688119,0.032814027,0.000297199,0.000151054,3.20E-08,2.64E-05,1.34E-09,4
0.27357953,0.045045114,0.000724007,0.000381248,2.00E-07,7.02E-05,1.43E-08,4
0.264405259,0.041164124,0.000617696,0.000296666,1.26E-07,5.36E-05,1.47E-08,4
0.234374748,0.025480078,0.00117843,0.000597093,5.00E-07,9.34E-05,2.43E-08,4
0.276814533,0.047764292,0.000216035,0.000167277,3.18E-08,3.65E-05,-4.55E-10,4
0.262428662,0.039963636,0.00043345,0.000235987,7.54E-08,4.34E-05,3.28E-09,4
0.277286186,0.048529094,0.000171139,6.28E-05,6.36E-09,1.07E-05,1.36E-09,4
0.27006042,0.043278936,0.000595026,0.000291672,1.21E-07,5.07E-05,8.05E-09,4
0.224346383,0.018513549,0.00245647,0.00079693,1.09E-06,8.88E-05,2.33E-07,4
0.22611541,0.019208563,0.002007072,0.000530917,4.84E-07,5.13E-05,2.56E-07,4
0.249038123,0.032349562,0.000844787,0.000365074,2.02E-07,5.41E-05,2.19E-08,4
0.245876845,0.03062385,0.00101353,0.000312775,1.70E-07,3.59E-05,4.73E-08,4